<?xml version="1.0" encoding="UTF-8"?>
<configuration scan="true" scanPeriod="30 seconds">
  <appender name="javaconsole" class="ch.qos.logback.core.ConsoleAppender">
    <encoder>
      <pattern>%d{yyyy-MM-dd HH:mm:ss} [%5level] [%thread]: %message %n</pattern>
    </encoder>
  </appender>

  <logger name="com.coremedia" level="info" additivity="false">
    <appender-ref ref="javaconsole"/>
  </logger>

  <logger name="hox.corem.editor" level="info" additivity="false">
    <appender-ref ref="javaconsole"/>
  </logger>

  <root level="warn">
    <appender-ref ref="javaconsole"/>
  </root>
</configuration>