<?xml version="1.0" encoding="UTF-8"?>
<beans xmlns="http://www.springframework.org/schema/beans"
       xmlns:xsi="http://www.w3.org/2001/XMLSchema-instance"
       xmlns:customize="http://www.coremedia.com/2007/coremedia-spring-beans-customization"
       xsi:schemaLocation="http://www.springframework.org/schema/beans
                           http://www.springframework.org/schema/beans/spring-beans.xsd
                           http://www.coremedia.com/2007/coremedia-spring-beans-customization
                           http://www.coremedia.com/2007/coremedia-spring-beans-customization.xsd">

  <import resource="classpath:/com/coremedia/cae/view-services.xml"/>


  <customize:append id="appendErrorViews" bean="programmedViews">
    <description>
      append your programmed views here. By default the map is empty.
    </description>
    <map>
      <!--
       | add your views here e.g.
       | <entry key="my.Type" value-ref="myViewBean"/>
       -->
       <entry key="java.lang.Throwable" value-ref="errorView" />
    </map>
  </customize:append>
  
	<bean class="com.coremedia.objectserver.view.ErrorView" id="errorView">
		<description> 
			A simple view for rendering Throwables which have been
			provided as as model by the ViewingHandlerExceptionResolver.
			Alternatively a template java.lang/Throwable.jsp might be used.
		</description>
		<property value="true" name="development" />
	</bean>

	<bean class="com.coremedia.objectserver.web.ViewingHandlerExceptionResolver"
		id="viewingHandlerExceptionResolver">
		<description> 
			A HandlerExceptionResolver for providing an occured
			exception as model and view. This bean will be detected by the
			dispatcher servlet automatically. 
		</description>
	</bean>
</beans>
