<?xml version='1.0' encoding='utf-8'?>
<!--
  Licensed to the Apache Software Foundation (ASF) under one or more
  contributor license agreements.  See the NOTICE file distributed with
  this work for additional information regarding copyright ownership.
  The ASF licenses this file to You under the Apache License, Version 2.0
  (the "License"); you may not use this file except in compliance with
  the License.  You may obtain a copy of the License at

      http://www.apache.org/licenses/LICENSE-2.0

  Unless required by applicable law or agreed to in writing, software
  distributed under the License is distributed on an "AS IS" BASIS,
  WITHOUT WARRANTIES OR CONDITIONS OF ANY KIND, either express or implied.
  See the License for the specific language governing permissions and
  limitations under the License.
-->
<Server port="@TOMCAT_SHUTDOWN_PORT@" shutdown="SHUTDOWN">
  <!-- remove and recreate temp dir on startup -->
  <Listener className="com.coremedia.tomcat.CleanupTmpOnStartupListener" />
  <!-- Security listener. Documentation at /docs/config/listeners.html
  <Listener className="org.apache.catalina.security.SecurityListener" />
  -->
  <!--APR library loader. Documentation at /docs/apr.html -->
  <!--<Listener className="org.apache.catalina.core.AprLifecycleListener" SSLEngine="on"/>-->
  <!--Initialize Jasper prior to webapps are loaded. Documentation at /docs/jasper-howto.html -->
  <Listener className="org.apache.catalina.core.JasperListener"/>
  <Listener className="com.coremedia.tomcat.SharedORBListener" />
  <!-- Prevent memory leaks due to use of particular java/javax APIs-->
  <Listener className="org.apache.catalina.core.JreMemoryLeakPreventionListener"/>
  <Listener className="org.apache.catalina.mbeans.GlobalResourcesLifecycleListener"/>
  <Listener className="org.apache.catalina.core.ThreadLocalLeakPreventionListener"/>

  <!--
   | Allow stable jmx remote urls to work together with firewalls
   | If you're on EC2 or a similar network where you have an internal DNS name that's different from your
   | external/public DNS name, one more step is required. Additionally set the following property to the
   | server's external/public DNS name -Djava.rmi.server.hostname=your.public.dns
   |
   | To tunnel through ssh you have to tunnel both ports and set useLocalPorts to true.
   -->

  <Listener className="org.apache.catalina.mbeans.JmxRemoteLifecycleListener"
            rmiRegistryPortPlatform="@TOMCAT_JMX_REGISTRY_PORT@"
            rmiServerPortPlatform="@TOMCAT_JMX_SERVER_PORT@"
            useLocalPorts="@TOMCAT_JMX_USE_LOCAL_PORTS@"/>

  <!-- Global JNDI resources
       Documentation at /docs/jndi-resources-howto.html
  -->
  <GlobalNamingResources>
    <!-- Editable user database that can also be used by
         UserDatabaseRealm to authenticate users
    -->
    <Resource name="UserDatabase" auth="Container"
              type="org.apache.catalina.UserDatabase"
              description="User database that can be updated and saved"
              factory="org.apache.catalina.users.MemoryUserDatabaseFactory"
              pathname="conf/tomcat-users.xml"/>

    <Resource name="ORB" auth="Container"
              type="org.omg.CORBA.ORB"
              factory="com.coremedia.tomcat.SharedORBFactory"/>
  </GlobalNamingResources>

  <!-- A "Service" is a collection of one or more "Connectors" that share
       a single "Container" Note:  A "Service" is not itself a "Container",
       so you may not define subcomponents such as "Valves" at this level.
       Documentation at /docs/config/service.html
   -->
  <Service name="Catalina">

    <Executor name="tomcatThreadPool" namePrefix="catalina-exec-"
              maxThreads="@TOMCAT_MAX_THREADS@" minSpareThreads="@TOMCAT_MIN_THREADS@"/>

    <Connector executor="tomcatThreadPool"
               port="@TOMCAT_HTTP_PORT@" protocol="HTTP/1.1"
               connectionTimeout="20000"
               redirectPort="@TOMCAT_HTTPS_PORT@"
               URIEncoding="UTF-8"
               compression="on"
               bindOnInit="false"/>

    <Engine name="Catalina" defaultHost="localhost" startStopThreads="0">

      <!-- Use the LockOutRealm to prevent attempts to guess user passwords
           via a brute-force attack -->
      <Realm className="org.apache.catalina.realm.LockOutRealm">
        <!-- This Realm uses the UserDatabase configured in the global JNDI
             resources under the key "UserDatabase".  Any edits
             that are performed against this UserDatabase are immediately
             available for use by the Realm.  -->
        <Realm className="org.apache.catalina.realm.UserDatabaseRealm"
               resourceName="UserDatabase"/>
      </Realm>

      <Host name="localhost" appBase="webapps"
            unpackWARs="true" autoDeploy="true" failCtxIfServletStartFails="true">

        <!-- SingleSignOn valve, share authentication between web applications
             Documentation at: /docs/config/valve.html -->
        <!--
        <Valve className="org.apache.catalina.authenticator.SingleSignOn" />
        -->

        <!-- Access log processes all example.
             Documentation at: /docs/config/valve.html
             Note: The pattern used is equivalent to using pattern="common" -->
        <Valve className="org.apache.catalina.valves.AccessLogValve" directory="@APPLICATION_LOG_DIR@"
               prefix="localhost_access_log." suffix=".txt"
               pattern="%h %l %u %t &quot;%r&quot; %s %b %Dms" resolveHosts="false"/>

      </Host>
    </Engine>
  </Service>
</Server>
