<?xml version="1.0" encoding="UTF-8"?>

<configuration scan="true" scanPeriod="10 seconds">
  <!--
   | Common logger configuration for all tools. You can overwrite a logger by defining the logger below the inclusion
   -->
  <include resource="logging-tools.xml"/>

  <appender name="stdout" class="ch.qos.logback.core.ConsoleAppender">
    <encoder>
      <pattern>%m%n</pattern>
    </encoder>
  </appender>

  <appender name="file" class="ch.qos.logback.core.rolling.RollingFileAppender">
    <!--See also http://logback.qos.ch/manual/appenders.html#RollingFileAppender-->
    <File>@APPLICATION_LOG_DIR@/tools.log</File>
    <encoder>
      <pattern>%d{yyyy-MM-dd HH:mm:ss} %-7([%level]) %logger - %message \(%thread\)%n</pattern>
    </encoder>
    <rollingPolicy class="ch.qos.logback.core.rolling.FixedWindowRollingPolicy">
      <maxIndex>10</maxIndex>
      <FileNamePattern>@APPLICATION_LOG_DIR@/tools.log.%i</FileNamePattern>
    </rollingPolicy>
    <triggeringPolicy class="ch.qos.logback.core.rolling.SizeBasedTriggeringPolicy">
      <MaxFileSize>10MB</MaxFileSize>
    </triggeringPolicy>
  </appender>

  <root level="WARN">
    <appender-ref ref="file"/>
  </root>

</configuration>

