<?xml version="1.0" encoding="UTF-8"?>
<beans xmlns="http://www.springframework.org/schema/beans"
       xmlns:xsi="http://www.w3.org/2001/XMLSchema-instance"
       xmlns:customize="http://www.coremedia.com/2007/coremedia-spring-beans-customization"
       xsi:schemaLocation="http://www.springframework.org/schema/beans
                           http://www.springframework.org/schema/beans/spring-beans.xsd
                           http://www.coremedia.com/2007/coremedia-spring-beans-customization
                           http://www.coremedia.com/2007/coremedia-spring-beans-customization.xsd">


  <import resource="caefeeder-services.xml"/>

  <customize:append id="caeFeederBeanPropertiesByClassCustomizer" bean="caeFeederBeanPropertiesByClass">
    <description>
      Mapping from bean classes to comma-separated list of indexed properties.
      When populating a Feedable for a bean of one of the given classes, the given bean properties are mapped to
      Feedable elements with the same names. The content of the given properties is also indexed in field 'textbody'.
      For a more flexible mapping of bean properties to feedable elements, you can configure BeanFeedableMappings in
      list 'caeFeederBeanMappings', which are merged with the configuration from this map.
      Beans and their properties are only indexed if the corresponding content type is configured for feeding
      See property 'feeder.contentSelector.contentTypes'.
    </description>
    <map>
    </map>
  </customize:append>

  <customize:append id="caeFeederBeanMappingsCustomizer" bean="caeFeederBeanMappings">
    <description>
      List of bean mappings (com.coremedia.cap.feeder.bean.BeanFeedableMapping) which map beans to
      com.coremedia.cap.feeder.Feedable objects.
    </description>
    <list>
      <!-- a default mapping for all content beans -->
      <ref bean="defaultBeanFeedableMapping"/>
    </list>
  </customize:append>

  <bean id="defaultBeanFeedableMapping" class="com.coremedia.cap.feeder.bean.BeanFeedableMapping">
    <property name="beanClass" value="com.coremedia.objectserver.beans.ContentBean"/>
    <property name="beanPropertyMappings">
      <list>
        <bean class="com.coremedia.cap.feeder.bean.BeanPropertyFeedableElementMapping">
          <property name="beanProperty" value="content.type.name"/>
          <property name="feedableElement" value="documenttype"/>
          <property name="textBody" value="false"/>
        </bean>
        <bean class="com.coremedia.cap.feeder.bean.BeanPropertyFeedableElementMapping">
          <property name="beanProperty" value="content.modificationDate"/>
          <property name="feedableElement" value="freshness"/>
          <property name="textBody" value="false"/>
        </bean>
        <bean class="com.coremedia.cap.feeder.bean.BeanPropertyFeedableElementMapping">
          <property name="beanProperty" value="content.deleted"/>
          <property name="feedableElement" value="isdeleted"/>
          <property name="textBody" value="false"/>
        </bean>
      </list>
    </property>
  </bean>

  <customize:append id="feedablePopulatorsCustomizer" bean="feedablePopulators">
    <description>
      List of com.coremedia.cap.feeder.populate.FeedablePopulator beans to be used by the CAE Feeder.
      By default, this list contains the feedablePopulator bean
      (a com.coremedia.cap.feeder.bean.BeanMappingFeedablePopulator).
    </description>
    <list>
      <ref bean="typeFeedablePopulator"/>
    </list>
  </customize:append>

  <bean id="typeFeedablePopulator" class="com.coremedia.cap.feeder.populate.TypeFeedablePopulator">
    <description>
      FeedablePopulator that sets the type of an object in element 'type' and its type hierarchy in element 'types'.
    </description>
    <property name="typeElement" value="type"/>
    <property name="typesElement" value="types"/>
  </bean>

</beans>
