<?xml version="1.0" encoding="UTF-8"?>
<beans xmlns="http://www.springframework.org/schema/beans"
       xmlns:xsi="http://www.w3.org/2001/XMLSchema-instance"
       xmlns:customize="http://www.coremedia.com/2007/coremedia-spring-beans-customization"
       xsi:schemaLocation="http://www.springframework.org/schema/beans
                           http://www.springframework.org/schema/beans/spring-beans.xsd
                           http://www.coremedia.com/2007/coremedia-spring-beans-customization
                           http://www.coremedia.com/2007/coremedia-spring-beans-customization.xsd">

  <description>
    Provides a SitesService for usage in UAPI clients.
  </description>

  <import resource="classpath:/com/coremedia/cap/common/uapi-services.xml"/>
  <import resource="classpath:/com/coremedia/cap/multisite/multisite-services.xml"/>

  <import resource="sitemodel.xml"/>


  <customize:replace id="addSiteModel" bean="sitesService" property="siteModel" custom-ref="siteModel">
    <description>Add SiteModel to SitesService.</description>
  </customize:replace>

</beans>
