<?xml version="1.0" encoding="UTF-8"?>
<beans xmlns="http://www.springframework.org/schema/beans"
       xmlns:xsi="http://www.w3.org/2001/XMLSchema-instance"
       xmlns:context="http://www.springframework.org/schema/context"
       xmlns:customize="http://www.coremedia.com/2007/coremedia-spring-beans-customization"
       xsi:schemaLocation="http://www.springframework.org/schema/beans
                           http://www.springframework.org/schema/beans/spring-beans.xsd
                           http://www.springframework.org/schema/context
                           http://www.springframework.org/schema/context/spring-context.xsd
                           http://www.coremedia.com/2007/coremedia-spring-beans-customization
                           http://www.coremedia.com/2007/coremedia-spring-beans-customization.xsd">

  <context:annotation-config/>

  <!--
   | add your spring imports here
  -->
  <import resource="classpath:/framework/spring/coredining-contentbeans.xml"/>
  <import resource="classpath:/framework/spring/coredining-cache.xml"/>
  <import resource="classpath:/framework/spring/coredining-handlers.xml"/>
  <import resource="classpath:/framework/spring/coredining-controllers.xml"/>
  <import resource="classpath:/framework/spring/coredining-linkschemes.xml"/>
  <import resource="classpath:/framework/spring/coredining-views.xml"/>
  <import resource="classpath:/framework/spring/coredining-error-views.xml"/>

</beans>