<?xml version="1.0" encoding="UTF-8"?>
<web-fragment version="3.0"
              xmlns="http://java.sun.com/xml/ns/javaee"
              xmlns:xsi="http://www.w3.org/2001/XMLSchema-instance"
              xsi:schemaLocation="http://java.sun.com/xml/ns/javaee
              http://java.sun.com/xml/ns/javaee/web-fragment_3_0.xsd">

  <name>blueprint_cae</name>

  <ordering>
    <after>
      <!-- logging should be initialized first -->
      <name>coremedia_logging_component</name>
    </after>
  </ordering>

  <jsp-config>
    <jsp-property-group>
      <url-pattern>*.jsp</url-pattern>
      <trim-directive-whitespaces>true</trim-directive-whitespaces>
    </jsp-property-group>
  </jsp-config>

  <filter>
    <filter-name>Character Encoding Filter</filter-name>
    <filter-class>org.springframework.web.filter.CharacterEncodingFilter</filter-class>
    <init-param>
      <param-name>encoding</param-name>
      <param-value>UTF-8</param-value>
    </init-param>
    <init-param>
      <param-name>forceEncoding</param-name>
      <param-value>true</param-value>
    </init-param>
  </filter>

  <filter-mapping>
    <filter-name>Character Encoding Filter</filter-name>
    <url-pattern>/*</url-pattern>
  </filter-mapping>

</web-fragment>
