<?xml version="1.0" encoding="UTF-8"?>
<beans xmlns="http://www.springframework.org/schema/beans"
       xmlns:xsi="http://www.w3.org/2001/XMLSchema-instance"
       xmlns:customize="http://www.coremedia.com/2007/coremedia-spring-beans-customization"
       xsi:schemaLocation="http://www.springframework.org/schema/beans
                           http://www.springframework.org/schema/beans/spring-beans.xsd
                           http://www.coremedia.com/2007/coremedia-spring-beans-customization
                           http://www.coremedia.com/2007/coremedia-spring-beans-customization.xsd">

  <import resource="classpath:com/coremedia/cae/link-services.xml"/>

  <!--
  | Define your linkscheme beans here
  -->


  <!--
  | Register your linkschemes here
  -->
  <customize:append id="corediningLinkSchemesCustomizer" bean="linkSchemes" order="100">
    <description>
      Registers all LinkSchemes needed by your cae web application.
    </description>
    <list>
      <!--
    	<ref bean="contentLinkScheme" />
    	<ref bean="contentBlobLinkScheme" />
    	-->
    </list>
  </customize:append>

</beans>