<?xml version="1.0" encoding="UTF-8" ?>
<!--
  This is the default Solr Core configuration for the CoreMedia CAE Feeder
  in the Blueprint.
-->
<config>

  <!-- Controls what version of Lucene various components of Solr
       adhere to.  Generally, you want to use the latest version to
       get all bug fixes and improvements. It is highly recommended
       that you fully re-index after changing this setting as it can
       affect both how text is indexed and queried.
  -->
  <luceneMatchVersion>4.10.3</luceneMatchVersion>

  <!-- Data Directory

       Used to specify an alternate directory to hold all index data
       other than the default ./data under the Solr home.  If
       replication is in use, this should match the replication
       configuration.
    -->
  <dataDir>${solr.core.dataDir}</dataDir>


  <!-- The DirectoryFactory to use for indexes.

       solr.StandardDirectoryFactory is filesystem
       based and tries to pick the best implementation for the current
       JVM and platform.  solr.NRTCachingDirectoryFactory, the default,
       wraps solr.StandardDirectoryFactory and caches small files in memory
       for better NRT performance.

       One can force a particular implementation via solr.MMapDirectoryFactory,
       solr.NIOFSDirectoryFactory, or solr.SimpleFSDirectoryFactory.

       solr.RAMDirectoryFactory is memory based, not
       persistent, and doesn't work with replication.
    -->
  <directoryFactory name="DirectoryFactory"
                    class="${solr.directoryFactory:solr.NRTCachingDirectoryFactory}"/>

  <!-- The CodecFactory for defining the format of the inverted index.
       The default implementation is SchemaCodecFactory, which is the official Lucene
       index format, but hooks into the schema to provide per-field customization of
       the postings lists and per-document values in the fieldType element
       (postingsFormat/docValuesFormat). Note that most of the alternative implementations
       are experimental, so if you choose to customize the index format, its a good
       idea to convert back to the official format e.g. via IndexWriter.addIndexes(IndexReader)
       before upgrading to a newer version to avoid unnecessary reindexing.
  -->
  <codecFactory class="solr.SchemaCodecFactory"/>

  <!-- To enable dynamic schema REST APIs, use the following for <schemaFactory>:

       <schemaFactory class="ManagedIndexSchemaFactory">
         <bool name="mutable">true</bool>
         <str name="managedSchemaResourceName">managed-schema</str>
       </schemaFactory>

       When ManagedIndexSchemaFactory is specified, Solr will load the schema from
       he resource named in 'managedSchemaResourceName', rather than from schema.xml.
       Note that the managed schema resource CANNOT be named schema.xml.  If the managed
       schema does not exist, Solr will create it after reading schema.xml, then rename
       'schema.xml' to 'schema.xml.bak'.

       Do NOT hand edit the managed schema - external modifications will be ignored and
       overwritten as a result of schema modification REST API calls.

       When ManagedIndexSchemaFactory is specified with mutable = true, schema
       modification REST API calls will be allowed; otherwise, error responses will be
       sent back for these requests.
  -->
  <schemaFactory class="ClassicIndexSchemaFactory"/>

  <!-- ~~~~~~~~~~~~~~~~~~~~~~~~~~~~~~~~~~~~~~~~~~~~~~~~~~~~~~~~~~~~~~~~~~~~~
       Index Config - These settings control low-level behavior of indexing
       Most example settings here show the default value, but are commented
       out, to more easily see where customizations have been made.
       ~~~~~~~~~~~~~~~~~~~~~~~~~~~~~~~~~~~~~~~~~~~~~~~~~~~~~~~~~~~~~~~~~~~~~ -->
  <indexConfig>
    <!-- Maximum time to wait for a write lock (ms) for an IndexWriter. Default: 1000 -->
    <!-- <writeLockTimeout>1000</writeLockTimeout>  -->

    <!-- The maximum number of simultaneous threads that may be
         indexing documents at once in IndexWriter; if more than this
         many threads arrive they will wait for others to finish.
         Default in Solr/Lucene is 8. -->
    <!-- <maxIndexingThreads>8</maxIndexingThreads>  -->

    <!-- Expert: Enabling compound file will use less files for the index,
         using fewer file descriptors on the expense of performance decrease.
         Default in Lucene is "true". Default in Solr is "false" (since 3.6) -->
    <!-- <useCompoundFile>false</useCompoundFile> -->

    <!-- ramBufferSizeMB sets the amount of RAM that may be used by Lucene
         indexing for buffering added documents and deletions before they are
         flushed to the Directory.
         maxBufferedDocs sets a limit on the number of documents buffered
         before flushing.
         If both ramBufferSizeMB and maxBufferedDocs is set, then
         Lucene will flush based on whichever limit is hit first.
         The default is 100 MB.  -->
    <!-- <ramBufferSizeMB>100</ramBufferSizeMB> -->
    <!-- <maxBufferedDocs>1000</maxBufferedDocs> -->

    <!-- Expert: Merge Policy
         The Merge Policy in Lucene controls how merging of segments is done.
         The default since Solr/Lucene 3.3 is TieredMergePolicy.
         The default since Lucene 2.3 was the LogByteSizeMergePolicy,
         Even older versions of Lucene used LogDocMergePolicy.
      -->
    <!--
        <mergePolicy class="org.apache.lucene.index.TieredMergePolicy">
          <int name="maxMergeAtOnce">10</int>
          <int name="segmentsPerTier">10</int>
        </mergePolicy>
      -->

    <!-- Merge Factor
         The merge factor controls how many segments will get merged at a time.
         For TieredMergePolicy, mergeFactor is a convenience parameter which
         will set both MaxMergeAtOnce and SegmentsPerTier at once.
         For LogByteSizeMergePolicy, mergeFactor decides how many new segments
         will be allowed before they are merged into one.
         Default is 10 for both merge policies.
      -->
    <!--
    <mergeFactor>10</mergeFactor>
      -->

    <!-- Expert: Merge Scheduler
         The Merge Scheduler in Lucene controls how merges are
         performed.  The ConcurrentMergeScheduler (Lucene 2.3 default)
         can perform merges in the background using separate threads.
         The SerialMergeScheduler (Lucene 2.2 default) does not.
     -->
    <!--
       <mergeScheduler class="org.apache.lucene.index.ConcurrentMergeScheduler"/>
       -->

    <!-- LockFactory

         This option specifies which Lucene LockFactory implementation
         to use.

         single = SingleInstanceLockFactory - suggested for a
                  read-only index or when there is no possibility of
                  another process trying to modify the index.
         native = NativeFSLockFactory - uses OS native file locking.
                  Do not use when multiple solr webapps in the same
                  JVM are attempting to share a single index.
         simple = SimpleFSLockFactory  - uses a plain file for locking

         Defaults: 'native' is default for Solr3.6 and later, otherwise
                   'simple' is the default

         More details on the nuances of each LockFactory...
         http://wiki.apache.org/lucene-java/AvailableLockFactories
    -->
    <lockType>${solr.lock.type:native}</lockType>

    <!-- Unlock On Startup

         If true, unlock any held write or commit locks on startup.
         This defeats the locking mechanism that allows multiple
         processes to safely access a lucene index, and should be used
         with care. Default is "false".

         This is not needed if lock type is 'single'
     -->
    <!--
    <unlockOnStartup>false</unlockOnStartup>
      -->

    <!-- Expert: Controls how often Lucene loads terms into memory
         Default is 128 and is likely good for most everyone.
      -->
    <!-- <termIndexInterval>128</termIndexInterval> -->

    <!-- If true, IndexReaders will be opened/reopened from the IndexWriter
         instead of from the Directory. Hosts in a master/slave setup
         should have this set to false while those in a SolrCloud
         cluster need to be set to true. Default: true
      -->
    <!--
    <nrtMode>true</nrtMode>
      -->

    <!-- Lucene Infostream

         To aid in advanced debugging, Lucene provides an "InfoStream"
         of detailed information when indexing.

         Setting the value to true will instruct the underlying Lucene
         IndexWriter to write its info stream to solr's log. By default,
         this is enabled here, and controlled through logger configuration.
      -->
     <infoStream>true</infoStream>

    <!--
        Use true to enable this safety check, which can help
        reduce the risk of propagating index corruption from older segments
        into new ones, at the expense of slower merging.
    -->
     <checkIntegrityAtMerge>false</checkIntegrityAtMerge>
  </indexConfig>


  <!-- JMX

       This example enables JMX if and only if an existing MBeanServer
       is found, use this if you want to configure JMX through JVM
       parameters. Remove this to disable exposing Solr configuration
       and statistics to JMX.

       For more details see http://wiki.apache.org/solr/SolrJmx
    -->
  <jmx />
  <!-- If you want to connect to a particular server, specify the
       agentId
    -->
  <!-- <jmx agentId="myAgent" /> -->
  <!-- If you want to start a new MBeanServer, specify the serviceUrl -->
  <!-- <jmx serviceUrl="service:jmx:rmi:///jndi/rmi://localhost:9999/solr"/>
    -->

  <!-- The default high-performance update handler -->
  <updateHandler class="solr.DirectUpdateHandler2">

    <!-- Enables a transaction log, used for real-time get, durability, and
         and solr cloud replica recovery.  The log can grow as big as
         uncommitted changes to the index, so use of a hard autoCommit
         is recommended (see below).
         "dir" - the target directory for transaction logs, defaults to the
                solr data directory.  -->
    <updateLog>
      <str name="dir">${solr.core.ulogDir:}</str>
    </updateLog>
  </updateHandler>

  <!-- ~~~~~~~~~~~~~~~~~~~~~~~~~~~~~~~~~~~~~~~~~~~~~~~~~~~~~~~~~~~~~~~~~~~~~
       Query section - these settings control query time things like caches
       ~~~~~~~~~~~~~~~~~~~~~~~~~~~~~~~~~~~~~~~~~~~~~~~~~~~~~~~~~~~~~~~~~~~~~ -->
  <query>
    <!-- Max Boolean Clauses

         Maximum number of clauses in each BooleanQuery,  an exception
         is thrown if exceeded.

         ** WARNING **

         This option actually modifies a global Lucene property that
         will affect all SolrCores.  If multiple solrconfig.xml files
         disagree on this property, the value at any given moment will
         be based on the last SolrCore to be initialized.

      -->
    <maxBooleanClauses>1024</maxBooleanClauses>


    <!-- Solr Internal Query Caches

         There are two implementations of cache available for Solr,
         LRUCache, based on a synchronized LinkedHashMap, and
         FastLRUCache, based on a ConcurrentHashMap.

         FastLRUCache has faster gets and slower puts in single
         threaded operation and thus is generally faster than LRUCache
         when the hit ratio of the cache is high (> 75%), and may be
         faster under other scenarios on multi-cpu systems.
    -->

    <!-- Filter Cache

         Cache used by SolrIndexSearcher for filters (DocSets),
         unordered sets of *all* documents that match a query.  When a
         new searcher is opened, its caches may be prepopulated or
         "autowarmed" using data from caches in the old searcher.
         autowarmCount is the number of items to prepopulate.  For
         LRUCache, the autowarmed items will be the most recently
         accessed items.

         Parameters:
           class - the SolrCache implementation LRUCache or
               (LRUCache or FastLRUCache)
           size - the maximum number of entries in the cache
           initialSize - the initial capacity (number of entries) of
               the cache.  (see java.util.HashMap)
           autowarmCount - the number of entries to prepopulate from
               and old cache.
      -->
    <filterCache class="solr.FastLRUCache"
                 size="512"
                 initialSize="512"
                 autowarmCount="0"/>

    <!-- Query Result Cache

         Caches results of searches - ordered lists of document ids
         (DocList) based on a query, a sort, and the range of documents requested.
      -->
    <queryResultCache class="solr.LRUCache"
                     size="512"
                     initialSize="512"
                     autowarmCount="0"/>

    <!-- Document Cache

         Caches Lucene Document objects (the stored fields for each
         document).  Since Lucene internal document ids are transient,
         this cache will not be autowarmed.
      -->
    <documentCache class="solr.LRUCache"
                   size="512"
                   initialSize="512"
                   autowarmCount="0"/>

    <!-- custom cache currently used by block join -->
    <cache name="perSegFilter"
      class="solr.search.LRUCache"
      size="10"
      initialSize="0"
      autowarmCount="10"
      regenerator="solr.NoOpRegenerator" />

    <!-- Field Value Cache

         Cache used to hold field values that are quickly accessible
         by document id.  The fieldValueCache is created by default
         even if not configured here.
      -->
    <!--
       <fieldValueCache class="solr.FastLRUCache"
                        size="512"
                        autowarmCount="128"
                        showItems="32" />
      -->

    <!-- Lazy Field Loading

         If true, stored fields that are not requested will be loaded
         lazily.  This can result in a significant speed improvement
         if the usual case is to not load all stored fields,
         especially if the skipped fields are large compressed text
         fields.
    -->
    <enableLazyFieldLoading>true</enableLazyFieldLoading>

   <!-- Result Window Size

        An optimization for use with the queryResultCache.  When a search
        is requested, a superset of the requested number of document ids
        are collected.  For example, if a search for a particular query
        requests matching documents 10 through 19, and queryWindowSize is 50,
        then documents 0 through 49 will be collected and cached.  Any further
        requests in that range can be satisfied via the cache.
     -->
   <queryResultWindowSize>20</queryResultWindowSize>

   <!-- Maximum number of documents to cache for any entry in the
        queryResultCache.
     -->
   <queryResultMaxDocsCached>200</queryResultMaxDocsCached>

   <!-- Query Related Event Listeners

        Various IndexSearcher related events can trigger Listeners to
        take actions.

        newSearcher - fired whenever a new searcher is being prepared
        and there is a current searcher handling requests (aka
        registered).  It can be used to prime certain caches to
        prevent long request times for certain requests.

        firstSearcher - fired whenever a new searcher is being
        prepared but there is no current registered searcher to handle
        requests or to gain autowarming data from.


     -->
    <!-- QuerySenderListener takes an array of NamedList and executes a
         local query request for each NamedList in sequence.
      -->
    <listener event="newSearcher" class="solr.QuerySenderListener">
      <arr name="queries">
        <!--
           <lst><str name="q">solr</str><str name="sort">price asc</str></lst>
           <lst><str name="q">rocks</str><str name="sort">weight asc</str></lst>
          -->
      </arr>
    </listener>
    <listener event="firstSearcher" class="solr.QuerySenderListener">
      <arr name="queries">
        <lst>
          <str name="q">static firstSearcher warming in solrconfig.xml</str>
        </lst>
      </arr>
    </listener>

    <!-- Use Cold Searcher

         If a search request comes in and there is no current
         registered searcher, then immediately register the still
         warming searcher and use it.  If "false" then all requests
         will block until the first searcher is done warming.
      -->
    <useColdSearcher>false</useColdSearcher>

    <!-- Max Warming Searchers

         Maximum number of searchers that may be warming in the
         background concurrently.  An error is returned if this limit
         is exceeded.

         Recommend values of 1-2 for read-only slaves, higher for
         masters w/o cache warming.
      -->
    <maxWarmingSearchers>2</maxWarmingSearchers>

  </query>


  <!-- Request Dispatcher

       This section contains instructions for how the SolrDispatchFilter
       should behave when processing requests for this SolrCore.

       handleSelect is a legacy option that affects the behavior of requests
       such as /select?qt=XXX

       handleSelect="true" will cause the SolrDispatchFilter to process
       the request and dispatch the query to a handler specified by the
       "qt" param, assuming "/select" isn't already registered.

       handleSelect="false" will cause the SolrDispatchFilter to
       ignore "/select" requests, resulting in a 404 unless a handler
       is explicitly registered with the name "/select"

       handleSelect="true" is not recommended for new users, but is the default
       for backwards compatibility
   -->
  <requestDispatcher handleSelect="false" >
    <!-- Request Parsing

         These settings indicate how Solr Requests may be parsed, and
         what restrictions may be placed on the ContentStreams from
         those requests

         enableRemoteStreaming - enables use of the stream.file
         and stream.url parameters for specifying remote streams.

         multipartUploadLimitInKB - specifies the max size (in KiB) of
         Multipart File Uploads that Solr will allow in a Request.

         formdataUploadLimitInKB - specifies the max size (in KiB) of
         form data (application/x-www-form-urlencoded) sent via
         POST. You can use POST to pass request parameters not
         fitting into the URL.

         addHttpRequestToContext - if set to true, it will instruct
         the requestParsers to include the original HttpServletRequest
         object in the context map of the SolrQueryRequest under the
         key "httpRequest". It will not be used by any of the existing
         Solr components, but may be useful when developing custom
         plugins.

         *** WARNING ***
         The settings below prevent Solr to fetch remote files, You
         should make sure your system has some authentication before
         using enableRemoteStreaming="true"

      -->
    <requestParsers enableRemoteStreaming="false"
                    multipartUploadLimitInKB="2048000"
                    formdataUploadLimitInKB="2048"
                    addHttpRequestToContext="false"/>

    <!-- HTTP Caching

         Set HTTP caching related parameters (for proxy caches and clients).

         The options below instruct Solr not to output any HTTP Caching
         related headers
      -->
    <httpCaching never304="true" />
    <!-- If you include a <cacheControl> directive, it will be used to
         generate a Cache-Control header (as well as an Expires header
         if the value contains "max-age=")

         By default, no Cache-Control header is generated.

         You can use the <cacheControl> option even if you have set
         never304="true"
      -->
    <!--
       <httpCaching never304="true" >
         <cacheControl>max-age=30, public</cacheControl>
       </httpCaching>
      -->
    <!-- To enable Solr to respond with automatically generated HTTP
         Caching headers, and to response to Cache Validation requests
         correctly, set the value of never304="false"

         This will cause Solr to generate Last-Modified and ETag
         headers based on the properties of the Index.

         The following options can also be specified to affect the
         values of these headers...

         lastModFrom - the default value is "openTime" which means the
         Last-Modified value (and validation against If-Modified-Since
         requests) will all be relative to when the current Searcher
         was opened.  You can change it to lastModFrom="dirLastMod" if
         you want the value to exactly correspond to when the physical
         index was last modified.

         etagSeed="..." is an option you can change to force the ETag
         header (and validation against If-None-Match requests) to be
         different even if the index has not changed (ie: when making
         significant changes to your config file)

         (lastModifiedFrom and etagSeed are both ignored if you use
         the never304="true" option)
      -->
    <!--
       <httpCaching lastModifiedFrom="openTime"
                    etagSeed="Solr">
         <cacheControl>max-age=30, public</cacheControl>
       </httpCaching>
      -->
  </requestDispatcher>

  <!-- Request Handlers

       http://wiki.apache.org/solr/SolrRequestHandler

       Incoming queries will be dispatched to a specific handler by name
       based on the path specified in the request.

       Legacy behavior: If the request path uses "/select" but no Request
       Handler has that name, and if handleSelect="true" has been specified in
       the requestDispatcher, then the Request Handler is dispatched based on
       the qt parameter.  Handlers without a leading '/' are accessed this way
       like so: http://host/app/[core/]select?qt=name  If no qt is
       given, then the requestHandler that declares default="true" will be
       used or the one named "standard".

       If a Request Handler is declared with startup="lazy", then it will
       not be initialized until the first request that uses it.

    -->
  <!-- SearchHandler

       http://wiki.apache.org/solr/SearchHandler

       For processing Search Queries, the primary Request Handler
       provided with Solr is "SearchHandler" It delegates to a sequent
       of SearchComponents (see below) and supports distributed
       queries across multiple shards
    -->
  <requestHandler name="/select" class="solr.SearchHandler">
    <!-- default values for query parameters can be specified, these
         will be overridden by parameters in the request
      -->
     <lst name="defaults">
       <str name="echoParams">explicit</str>
       <int name="rows">10</int>
       <str name="df">textbody</str>
       <str name="q.op">AND</str>
     </lst>
  </requestHandler>

  <!-- realtime get handler, guaranteed to return the latest stored fields of
       any document, without the need to commit or open a new searcher.  The
       current implementation relies on the updateLog feature being enabled.

       ** WARNING **
       Do NOT disable the realtime get handler at /get if you are using
       SolrCloud otherwise any leader election will cause a full sync in ALL
       replicas for the shard in question. Similarly, a replica recovery will
       also always fetch the complete index from the leader because a partial
       sync will not be possible in the absence of this handler.
  -->
  <requestHandler name="/get" class="solr.RealTimeGetHandler">
     <lst name="defaults">
       <str name="omitHeader">true</str>
       <str name="wt">json</str>
       <str name="indent">true</str>
     </lst>
  </requestHandler>

  <!--
   A search request handler for CAE / website search using the cmdismax query parser.
  -->
  <requestHandler name="/cmdismax" class="solr.SearchHandler">
    <lst name="defaults">
      <str name="defType">cmdismax</str>
      <str name="echoParams">none</str>
      <float name="tie">0.1</float>
      <str name="qf">textbody</str>
      <str name="pf">textbody</str>
      <str name="mm">100%</str>
      <str name="q.alt">*:*</str>

      <!-- Solr will use suggestions from both the 'default' spellchecker
           and from the 'wordbreak' spellchecker and combine them.
           collations (re-written queries) can include a combination of
           corrections from both spellcheckers -->
      <str name="spellcheck.dictionary">default</str>
      <str name="spellcheck.dictionary">wordbreak</str>
      <str name="spellcheck">on</str>
      <str name="spellcheck.extendedResults">false</str>
      <str name="spellcheck.count">5</str>
      <str name="spellcheck.alternativeTermCount">2</str>
      <str name="spellcheck.maxResultsForSuggest">5</str>
      <str name="spellcheck.collate">true</str>
      <str name="spellcheck.collateExtendedResults">true</str>
      <str name="spellcheck.maxCollationTries">5</str>
      <str name="spellcheck.maxCollations">3</str>
    </lst>

    <!-- append spellchecking to our list of components -->
    <arr name="last-components">
      <str>spellcheck</str>
    </arr>
  </requestHandler>

  <!--
   A search request handler for auto-complete suggestions.
  -->
  <requestHandler name="/suggest" class="solr.SearchHandler">
    <lst name="defaults">
      <str name="defType">cmdismax</str>
      <str name="echoParams">none</str>
      <float name="tie">0.1</float>
      <str name="qf">textbody</str>
      <str name="pf">textbody</str>
      <str name="mm">100%</str>
      <str name="q.alt">*:*</str>

      <str name="spellcheck">on</str>
      <str name="spellcheck.collate">true</str>
      <str name="spellcheck.collateExtendedResults">true</str>
      <str name="spellcheck.count">15</str>
      <str name="spellcheck.dictionary">textbody</str>
      <str name="spellcheck.maxCollations">10</str>
      <str name="spellcheck.maxCollationTries">20</str>
      <str name="spellcheck.onlyMorePopular">true</str>
    </lst>

    <!-- append spellchecking to our list of components -->
    <arr name="last-components">
      <str>spellcheck</str>
    </arr>
  </requestHandler>

  <!-- Update Request Handler.

       http://wiki.apache.org/solr/UpdateXmlMessages

       The canonical Request Handler for Modifying the Index through
       commands specified using XML, JSON, CSV, or JAVABIN

       Note: Since solr1.1 requestHandlers requires a valid content
       type header if posted in the body. For example, curl now
       requires: -H 'Content-type:text/xml; charset=utf-8'

       To override the request content type and force a specific
       Content-type, use the request parameter:
         ?update.contentType=text/csv

       This handler will pick a response format to match the input
       if the 'wt' parameter is not explicit
    -->
  <requestHandler name="/update" class="solr.UpdateRequestHandler">
    <!-- See below for information on defining
         updateRequestProcessorChains that can be used by name
         on each Update Request
      -->
    <!--
       <lst name="defaults">
         <str name="update.chain">dedupe</str>
       </lst>
       -->
  </requestHandler>

  <!-- Field Analysis Request Handler

       RequestHandler that provides much the same functionality as
       analysis.jsp. Provides the ability to specify multiple field
       types and field names in the same request and outputs
       index-time and query-time analysis for each of them.

       Request parameters are:
       analysis.fieldname - field name whose analyzers are to be used

       analysis.fieldtype - field type whose analyzers are to be used
       analysis.fieldvalue - text for index-time analysis
       q (or analysis.q) - text for query time analysis
       analysis.showmatch (true|false) - When set to true and when
           query analysis is performed, the produced tokens of the
           field value analysis will be marked as "matched" for every
           token that is produces by the query analysis
   -->
  <requestHandler name="/analysis/field"
                  startup="lazy"
                  class="solr.FieldAnalysisRequestHandler" />


  <!-- Document Analysis Handler

       http://wiki.apache.org/solr/AnalysisRequestHandler

       An analysis handler that provides a breakdown of the analysis
       process of provided documents. This handler expects a (single)
       content stream with the following format:

       <docs>
         <doc>
           <field name="id">1</field>
           <field name="name">The Name</field>
           <field name="text">The Text Value</field>
         </doc>
         <doc>...</doc>
         <doc>...</doc>
         ...
       </docs>

    Note: Each document must contain a field which serves as the
    unique key. This key is used in the returned response to associate
    an analysis breakdown to the analyzed document.

    Like the FieldAnalysisRequestHandler, this handler also supports
    query analysis by sending either an "analysis.query" or "q"
    request parameter that holds the query text to be analyzed. It
    also supports the "analysis.showmatch" parameter which when set to
    true, all field tokens that match the query tokens will be marked
    as a "match".
  -->
  <requestHandler name="/analysis/document"
                  class="solr.DocumentAnalysisRequestHandler"
                  startup="lazy" />

  <!-- Admin Handlers

       Admin Handlers - This will register all the standard admin
       RequestHandlers.
    -->
  <requestHandler name="/admin/"
                  class="solr.admin.AdminHandlers" />
  <!-- This single handler is equivalent to the following... -->
  <!--
     <requestHandler name="/admin/luke"       class="solr.admin.LukeRequestHandler" />
     <requestHandler name="/admin/system"     class="solr.admin.SystemInfoHandler" />
     <requestHandler name="/admin/plugins"    class="solr.admin.PluginInfoHandler" />
     <requestHandler name="/admin/threads"    class="solr.admin.ThreadDumpHandler" />
     <requestHandler name="/admin/properties" class="solr.admin.PropertiesRequestHandler" />
     <requestHandler name="/admin/file"       class="solr.admin.ShowFileRequestHandler" >
    -->
  <!-- If you wish to hide files under ${solr.home}/conf, explicitly
       register the ShowFileRequestHandler using the definition below.
       NOTE: The glob pattern ('*') is the only pattern supported at present, *.xml will
             not exclude all files ending in '.xml'. Use it to exclude _all_ updates
    -->
  <!--
     <requestHandler name="/admin/file"
                     class="solr.admin.ShowFileRequestHandler" >
       <lst name="invariants">
         <str name="hidden">synonyms.txt</str>
         <str name="hidden">anotherfile.txt</str>
         <str name="hidden">*</str>
       </lst>
     </requestHandler>
    -->

  <!-- ping/healthcheck -->
  <requestHandler name="/admin/ping" class="solr.PingRequestHandler">
    <lst name="invariants">
      <str name="q">solrpingquery</str>
    </lst>
    <lst name="defaults">
      <str name="echoParams">all</str>
    </lst>
    <!-- An optional feature of the PingRequestHandler is to configure the
         handler with a "healthcheckFile" which can be used to enable/disable
         the PingRequestHandler.
         relative paths are resolved against the data dir
      -->
    <!-- <str name="healthcheckFile">server-enabled.txt</str> -->
  </requestHandler>

  <!-- Solr Replication

       The SolrReplicationHandler supports replicating indexes from a
       "master" used for indexing and "slaves" used for queries.

       http://wiki.apache.org/solr/SolrReplication

       It is also necessary for SolrCloud to function (in Cloud mode, the
       replication handler is used to bulk transfer segments when nodes
       are added or need to recover).

       https://wiki.apache.org/solr/SolrCloud/
    -->
  <requestHandler name="/replication" class="solr.ReplicationHandler">
    <lst name="master">
      <str name="enable">${enable.master:false}</str>
      <!--Replicate on 'startup' and 'commit'. 'optimize' is also a valid value for replicateAfter. -->
      <str name="replicateAfter">startup</str>
      <str name="replicateAfter">commit</str>
      <!--If configuration files need to be replicated give the names here, separated by comma -->
      <str name="confFiles">schema.xml,stopwords.txt</str>
    </lst>

    <lst name="slave">
      <str name="enable">${enable.slave:false}</str>
      <!--
       | fully qualified url for the replication handler of master . It is possible to pass on this as a
       | request param for the fetchindex command
       -->
      <str name="masterUrl">${solr.master.url:http://localhost/solr}/${solr.core.name}</str>

      <!--
       | Interval in which the slave should poll master .Format is HH:mm:ss . If this is absent slave does not poll automatically.
       | But a fetchindex can be triggered from the admin or the http API
       -->
      <str name="pollInterval">00:00:20</str>
      <!--
       | The following values are used when the slave connects to the master to download the index files.
       | Default values implicitly set as 5000ms and 10000ms respectively. The user DOES NOT need to specify
       | these unless the bandwidth is extremely low or if there is an extremely high latency
       -->
      <str name="httpConnTimeout">5000</str>
      <str name="httpReadTimeout">10000</str>

      <!-- If HTTP Basic authentication is enabled on the master, then the slave can be configured with the following
      <str name="httpBasicAuthUser">username</str>
      <str name="httpBasicAuthPassword">password</str>
      -->
    </lst>
  </requestHandler>

  <!-- Search Components

       Search components are registered to SolrCore and used by
       instances of SearchHandler (which can access them by name)
  -->

   <!-- Spell Check

        The spell check component can return a list of alternative spelling
        suggestions.

        http://wiki.apache.org/solr/SpellCheckComponent
     -->
  <searchComponent name="spellcheck" class="solr.SpellCheckComponent">

    <str name="queryAnalyzerFieldType">text_general</str>

    <!-- Multiple "Spell Checkers" can be declared and used by this
         component
      -->

    <!-- a spellchecker built from a field of the main index -->
    <lst name="spellchecker">
      <str name="name">default</str>
      <str name="field">textbody</str>
      <str name="classname">solr.DirectSolrSpellChecker</str>
      <!-- the spellcheck distance measure used, the default is the internal levenshtein -->
      <str name="distanceMeasure">internal</str>
      <!-- minimum accuracy needed to be considered a valid spellcheck suggestion -->
      <float name="accuracy">0.5</float>
      <!-- the maximum #edits we consider when enumerating terms: can be 1 or 2 -->
      <int name="maxEdits">2</int>
      <!-- the minimum shared prefix when enumerating terms -->
      <int name="minPrefix">1</int>
      <!-- maximum number of inspections per result. -->
      <int name="maxInspections">5</int>
      <!-- minimum length of a query term to be considered for correction -->
      <int name="minQueryLength">4</int>
      <!-- maximum threshold of documents a query term can appear to be considered for correction -->
      <float name="maxQueryFrequency">0.01</float>
      <!-- uncomment this to require suggestions to occur in 1% of the documents
      	<float name="thresholdTokenFrequency">.01</float>
      -->
    </lst>

    <!-- a spellchecker that can break or combine words.  See "/spell" handler below for usage -->
    <lst name="spellchecker">
      <str name="name">wordbreak</str>
      <str name="classname">solr.WordBreakSolrSpellChecker</str>
      <str name="field">textbody</str>
      <str name="combineWords">true</str>
      <str name="breakWords">true</str>
      <int name="maxChanges">10</int>
    </lst>

    <!-- a spellchecker for suggestions on field textbody -->
    <lst name="spellchecker">
      <str name="name">textbody</str>
      <str name="classname">org.apache.solr.spelling.suggest.Suggester</str>
      <str name="lookupImpl">org.apache.solr.spelling.suggest.fst.WFSTLookupFactory</str>
      <str name="field">textbody</str>
      <float name="threshold">0.0001</float>
    </lst>

  </searchComponent>

  <!--
    SearchComponent to rebuild spell check dictionaries after commits with the configured minimum time interval.
    You can configure multiple dictionaries by repeating the dictionary configuration parameter.
  -->
  <searchComponent name="dictionaryRebuilder" class="com.coremedia.solr.suggest.DictionaryRebuilder">
    <str name="spellCheckComponent">spellcheck</str>
    <str name="dictionary">textbody</str>
    <long name="minimumIntervalSeconds">60</long> <!-- minimum time interval to wait between starts of rebuilds -->
  </searchComponent>

  <!-- Highlighting Component

       http://wiki.apache.org/solr/HighlightingParameters
    -->
  <searchComponent class="solr.HighlightComponent" name="highlight">
  <highlighting>
    <!-- Configure the standard fragmenter -->
    <!-- This could most likely be commented out in the "default" case -->
      <fragmenter name="gap"
                  default="true"
                  class="solr.highlight.GapFragmenter">
      <lst name="defaults">
        <int name="hl.fragsize">512</int>
      </lst>
    </fragmenter>

      <!-- A regular-expression-based fragmenter
           (for sentence extraction)
        -->
      <fragmenter name="regex"
                  class="solr.highlight.RegexFragmenter">
      <lst name="defaults">
        <!-- slightly smaller fragsizes work better because of slop -->
        <int name="hl.fragsize">70</int>
        <!-- allow 50% slop on fragment sizes -->
        <float name="hl.regex.slop">0.5</float>
        <!-- a basic sentence pattern -->
          <str name="hl.regex.pattern">[-\w ,/\n\&quot;&apos;]{20,200}</str>
      </lst>
    </fragmenter>

    <!-- Configure the standard formatter -->
      <formatter name="html"
                 default="true"
                 class="solr.highlight.HtmlFormatter">
      <lst name="defaults">
        <str name="hl.simple.pre"><![CDATA[<b>]]></str>
        <str name="hl.simple.post"><![CDATA[</b>]]></str>
      </lst>
    </formatter>

      <!-- Configure the standard encoder -->
      <encoder name="html"
               default="true"
               class="solr.highlight.HtmlEncoder" />

      <!-- Configure the standard fragListBuilder -->
      <fragListBuilder name="simple"
                       default="true"
                       class="solr.highlight.SimpleFragListBuilder"/>

      <!-- Configure the single fragListBuilder -->
      <fragListBuilder name="single"
                       class="solr.highlight.SingleFragListBuilder"/>

      <!-- Configure the weighted fragListBuilder -->
      <fragListBuilder name="weighted"
                       default="true"
                       class="solr.highlight.WeightedFragListBuilder"/>

      <!-- default tag FragmentsBuilder -->
      <fragmentsBuilder name="default"
                        default="true"
                        class="solr.highlight.ScoreOrderFragmentsBuilder">
        <!--
           <lst name="defaults">
          <str name="hl.multiValuedSeparatorChar">/</str>
           </lst>
  -->
      </fragmentsBuilder>

      <!-- multi-colored tag FragmentsBuilder -->
      <fragmentsBuilder name="colored"
                        class="solr.highlight.ScoreOrderFragmentsBuilder">
        <lst name="defaults">
          <str name="hl.tag.pre"><![CDATA[
               <b style="background:yellow">,<b style="background:lawgreen">,
               <b style="background:aquamarine">,<b style="background:magenta">,
               <b style="background:palegreen">,<b style="background:coral">,
               <b style="background:wheat">,<b style="background:khaki">,
               <b style="background:lime">,<b style="background:deepskyblue">]]></str>
          <str name="hl.tag.post"><![CDATA[</b>]]></str>
        </lst>
      </fragmentsBuilder>

      <boundaryScanner name="default"
                       default="true"
                       class="solr.highlight.SimpleBoundaryScanner">
        <lst name="defaults">
          <str name="hl.bs.maxScan">10</str>
          <str name="hl.bs.chars">.,!? &#9;&#10;&#13;</str>
        </lst>
      </boundaryScanner>

      <boundaryScanner name="breakIterator"
                       class="solr.highlight.BreakIteratorBoundaryScanner">
        <lst name="defaults">
          <!-- type should be one of CHARACTER, WORD(default), LINE and SENTENCE -->
          <str name="hl.bs.type">WORD</str>
          <!-- language and country are used when constructing Locale object.  -->
          <!-- And the Locale object will be used when getting instance of BreakIterator -->
          <str name="hl.bs.language">en</str>
          <str name="hl.bs.country">US</str>
        </lst>
      </boundaryScanner>
    </highlighting>
  </searchComponent>

  <!-- Update Processors

       Chains of Update Processor Factories for dealing with Update
       Requests can be declared, and then used by name in Update
       Request Processors

       http://wiki.apache.org/solr/UpdateRequestProcessor

    -->
  <updateRequestProcessorChain>
    <!-- Improve error messages -->
    <processor class="com.coremedia.solr.update.processor.ErrorHandlingProcessorFactory" />
    <!-- Textbody handling -->
    <processor class="com.coremedia.solr.update.processor.TextBodyProcessorFactory" />
    <!--Language detection -->
    <processor class="org.apache.solr.update.processor.LangDetectLanguageIdentifierUpdateProcessorFactory">
      <str name="langid.fl">textbody</str>
      <str name="langid.langField">language</str>
      <str name="langid.fallback">en</str>
    </processor>
    <!-- Index into language dependent fields if defined (e.g. textbody_en instead of textbody) -->
    <processor class="com.coremedia.solr.update.processor.LanguageDependentFieldsProcessorFactory">
      <str name="languageField">language</str>
      <str name="textFields">textbody</str>
    </processor>

    <processor class="solr.RunUpdateProcessorFactory" />
  </updateRequestProcessorChain>

  <!-- Response Writers

       http://wiki.apache.org/solr/QueryResponseWriter

       Request responses will be written using the writer specified by
       the 'wt' request parameter matching the name of a registered
       writer.

       The "default" writer is the default and will be used if 'wt' is
       not specified in the request.
    -->
  <!-- The following response writers are implicitly configured unless
       overridden...
    -->
  <!--
     <queryResponseWriter name="xml"
                          default="true"
                          class="solr.XMLResponseWriter" />
     <queryResponseWriter name="json" class="solr.JSONResponseWriter"/>
     <queryResponseWriter name="python" class="solr.PythonResponseWriter"/>
     <queryResponseWriter name="ruby" class="solr.RubyResponseWriter"/>
     <queryResponseWriter name="php" class="solr.PHPResponseWriter"/>
     <queryResponseWriter name="phps" class="solr.PHPSerializedResponseWriter"/>
     <queryResponseWriter name="csv" class="solr.CSVResponseWriter"/>
     <queryResponseWriter name="schema.xml" class="solr.SchemaXmlResponseWriter"/>
    -->

  <queryResponseWriter name="json" class="solr.JSONResponseWriter">
     <!-- For the purposes of the tutorial, JSON responses are written as
      plain text so that they are easy to read in *any* browser.
      If you expect a MIME type of "application/json" just remove this override.
     -->
    <str name="content-type">text/plain; charset=UTF-8</str>
  </queryResponseWriter>

  <!-- Query Parsers

       http://wiki.apache.org/solr/SolrQuerySyntax

       Multiple QParserPlugins can be registered by name, and then
       used in either the "defType" param for the QueryComponent (used
       by SearchHandler) or in LocalParams
    -->

  <!--
   A CoreMedia DisMaxQParser which extends the basic dismax query parser to allow *-wildcard queries and
   automatically replace query fields with all indexed language-specific fields (textbody -> textbody_en,
   textbody_de, ...).
   Search clients can set the optional query parameter "lang" to request searching in a single language.
   If set, query fields will be replaced with the corresponding indexed language-specific fields, if such fields exist.
  -->
  <queryParser name="cmdismax" class="com.coremedia.solr.search.CoreMediaDisMaxQParserPlugin"/>

  <!-- Legacy config for the admin interface -->
  <admin>
    <defaultQuery>*:*</defaultQuery>
  </admin>

</config>
