<?xml version="1.0" encoding="UTF-8"?>

<configuration scan="true" scanPeriod="30 seconds">
  <appender name="file" class="ch.qos.logback.core.rolling.RollingFileAppender">
    <!--See also http://logback.qos.ch/manual/appenders.html#RollingFileAppender-->
    <File>./var/logs/editor.log</File>
    <encoder>
      <pattern>%d{yyyy-MM-dd HH:mm:ss} %-7([%level]) %logger - %message \(%thread\)%n</pattern>
    </encoder>
    <rollingPolicy class="ch.qos.logback.core.rolling.FixedWindowRollingPolicy">
      <maxIndex>10</maxIndex>
      <FileNamePattern>./var/logs/editor.log.%i</FileNamePattern>
    </rollingPolicy>
    <triggeringPolicy class="ch.qos.logback.core.rolling.SizeBasedTriggeringPolicy">
      <MaxFileSize>10MB</MaxFileSize>
    </triggeringPolicy>
  </appender>

  <logger name="com.coremedia" level="info" additivity="false">
    <appender-ref ref="file"/>
  </logger>

  <logger name="hox.corem.editor" level="info" additivity="false">
    <appender-ref ref="file"/>
  </logger>

  <root level="warn">
    <appender-ref ref="file"/>
  </root>
</configuration>